Pokedex Number,Image URL
1,https://img.pokemondb.net/sprites/sword-shield/icon/bulbasaur.png
2,https://img.pokemondb.net/sprites/sword-shield/icon/ivysaur.png
3,https://img.pokemondb.net/sprites/sword-shield/icon/venusaur.png
3,https://img.pokemondb.net/sprites/sword-shield/icon/venusaur-mega.png
4,https://img.pokemondb.net/sprites/sword-shield/icon/charmander.png
5,https://img.pokemondb.net/sprites/sword-shield/icon/charmeleon.png
6,https://img.pokemondb.net/sprites/sword-shield/icon/charizard.png
6,https://img.pokemondb.net/sprites/sword-shield/icon/charizard-mega-x.png
6,https://img.pokemondb.net/sprites/sword-shield/icon/charizard-mega-y.png
7,https://img.pokemondb.net/sprites/sword-shield/icon/squirtle.png
8,https://img.pokemondb.net/sprites/sword-shield/icon/wartortle.png
9,https://img.pokemondb.net/sprites/sword-shield/icon/blastoise.png
9,https://img.pokemondb.net/sprites/sword-shield/icon/blastoise-mega.png
10,https://img.pokemondb.net/sprites/sword-shield/icon/caterpie.png
11,https://img.pokemondb.net/sprites/sword-shield/icon/metapod.png
12,https://img.pokemondb.net/sprites/sword-shield/icon/butterfree.png
13,https://img.pokemondb.net/sprites/sword-shield/icon/weedle.png
14,https://img.pokemondb.net/sprites/sword-shield/icon/kakuna.png
15,https://img.pokemondb.net/sprites/sword-shield/icon/beedrill.png
15,https://img.pokemondb.net/sprites/sword-shield/icon/beedrill-mega.png
16,https://img.pokemondb.net/sprites/sword-shield/icon/pidgey.png
17,https://img.pokemondb.net/sprites/sword-shield/icon/pidgeotto.png
18,https://img.pokemondb.net/sprites/sword-shield/icon/pidgeot.png
18,https://img.pokemondb.net/sprites/sword-shield/icon/pidgeot-mega.png
19,https://img.pokemondb.net/sprites/sword-shield/icon/rattata.png
19,https://img.pokemondb.net/sprites/sword-shield/icon/rattata-alolan.png
20,https://img.pokemondb.net/sprites/sword-shield/icon/raticate.png
20,https://img.pokemondb.net/sprites/sword-shield/icon/raticate-alolan.png
21,https://img.pokemondb.net/sprites/sword-shield/icon/spearow.png
22,https://img.pokemondb.net/sprites/sword-shield/icon/fearow.png
23,https://img.pokemondb.net/sprites/sword-shield/icon/ekans.png
24,https://img.pokemondb.net/sprites/sword-shield/icon/arbok.png
25,https://img.pokemondb.net/sprites/sword-shield/icon/pikachu.png
25,https://img.pokemondb.net/sprites/sword-shield/icon/pikachu-libre.png
25,https://img.pokemondb.net/sprites/sword-shield/icon/pikachu-flying.png
25,https://img.pokemondb.net/sprites/sword-shield/icon/pikachu-pop-star.png
25,https://img.pokemondb.net/sprites/sword-shield/icon/pikachu-rock-star.png
26,https://img.pokemondb.net/sprites/sword-shield/icon/raichu.png
26,https://img.pokemondb.net/sprites/sword-shield/icon/raichu-alolan.png
27,https://img.pokemondb.net/sprites/sword-shield/icon/sandshrew.png
27,https://img.pokemondb.net/sprites/sword-shield/icon/sandshrew-alolan.png
28,https://img.pokemondb.net/sprites/sword-shield/icon/sandslash.png
28,https://img.pokemondb.net/sprites/sword-shield/icon/sandslash-alolan.png
29,https://img.pokemondb.net/sprites/sword-shield/icon/nidoran-f.png
30,https://img.pokemondb.net/sprites/sword-shield/icon/nidorina.png
31,https://img.pokemondb.net/sprites/sword-shield/icon/nidoqueen.png
32,https://img.pokemondb.net/sprites/sword-shield/icon/nidoran-m.png
33,https://img.pokemondb.net/sprites/sword-shield/icon/nidorino.png
34,https://img.pokemondb.net/sprites/sword-shield/icon/nidoking.png
35,https://img.pokemondb.net/sprites/sword-shield/icon/clefairy.png
36,https://img.pokemondb.net/sprites/sword-shield/icon/clefable.png
37,https://img.pokemondb.net/sprites/sword-shield/icon/vulpix.png
37,https://img.pokemondb.net/sprites/sword-shield/icon/vulpix-alolan.png
38,https://img.pokemondb.net/sprites/sword-shield/icon/ninetales.png
38,https://img.pokemondb.net/sprites/sword-shield/icon/ninetales-alolan.png
39,https://img.pokemondb.net/sprites/sword-shield/icon/jigglypuff.png
40,https://img.pokemondb.net/sprites/sword-shield/icon/wigglytuff.png
41,https://img.pokemondb.net/sprites/sword-shield/icon/zubat.png
42,https://img.pokemondb.net/sprites/sword-shield/icon/golbat.png
43,https://img.pokemondb.net/sprites/sword-shield/icon/oddish.png
44,https://img.pokemondb.net/sprites/sword-shield/icon/gloom.png
45,https://img.pokemondb.net/sprites/sword-shield/icon/vileplume.png
46,https://img.pokemondb.net/sprites/sword-shield/icon/paras.png
47,https://img.pokemondb.net/sprites/sword-shield/icon/parasect.png
48,https://img.pokemondb.net/sprites/sword-shield/icon/venonat.png
49,https://img.pokemondb.net/sprites/sword-shield/icon/venomoth.png
50,https://img.pokemondb.net/sprites/sword-shield/icon/diglett.png
50,https://img.pokemondb.net/sprites/sword-shield/icon/diglett-alolan.png
51,https://img.pokemondb.net/sprites/sword-shield/icon/dugtrio.png
51,https://img.pokemondb.net/sprites/sword-shield/icon/dugtrio-alolan.png
52,https://img.pokemondb.net/sprites/sword-shield/icon/meowth.png
52,https://img.pokemondb.net/sprites/sword-shield/icon/meowth-alolan.png
52,https://img.pokemondb.net/sprites/sword-shield/icon/meowth-galarian.png
53,https://img.pokemondb.net/sprites/sword-shield/icon/persian.png
53,https://img.pokemondb.net/sprites/sword-shield/icon/persian-alolan.png
54,https://img.pokemondb.net/sprites/sword-shield/icon/psyduck.png
55,https://img.pokemondb.net/sprites/sword-shield/icon/golduck.png
56,https://img.pokemondb.net/sprites/sword-shield/icon/mankey.png
57,https://img.pokemondb.net/sprites/sword-shield/icon/primeape.png
58,https://img.pokemondb.net/sprites/sword-shield/icon/growlithe.png
58,https://img.pokemondb.net/sprites/scarlet-violet/icon/growlithe-hisuian.png
59,https://img.pokemondb.net/sprites/sword-shield/icon/arcanine.png
59,https://img.pokemondb.net/sprites/scarlet-violet/icon/arcanine-hisuian.png
60,https://img.pokemondb.net/sprites/sword-shield/icon/poliwag.png
61,https://img.pokemondb.net/sprites/sword-shield/icon/poliwhirl.png
62,https://img.pokemondb.net/sprites/sword-shield/icon/poliwrath.png
63,https://img.pokemondb.net/sprites/sword-shield/icon/abra.png
64,https://img.pokemondb.net/sprites/sword-shield/icon/kadabra.png
65,https://img.pokemondb.net/sprites/sword-shield/icon/alakazam.png
65,https://img.pokemondb.net/sprites/sword-shield/icon/alakazam-mega.png
66,https://img.pokemondb.net/sprites/sword-shield/icon/machop.png
67,https://img.pokemondb.net/sprites/sword-shield/icon/machoke.png
68,https://img.pokemondb.net/sprites/sword-shield/icon/machamp.png
69,https://img.pokemondb.net/sprites/sword-shield/icon/bellsprout.png
70,https://img.pokemondb.net/sprites/sword-shield/icon/weepinbell.png
71,https://img.pokemondb.net/sprites/sword-shield/icon/victreebel.png
72,https://img.pokemondb.net/sprites/sword-shield/icon/tentacool.png
73,https://img.pokemondb.net/sprites/sword-shield/icon/tentacruel.png
74,https://img.pokemondb.net/sprites/sword-shield/icon/geodude.png
74,https://img.pokemondb.net/sprites/sword-shield/icon/geodude-alolan.png
75,https://img.pokemondb.net/sprites/sword-shield/icon/graveler.png
75,https://img.pokemondb.net/sprites/sword-shield/icon/graveler-alolan.png
76,https://img.pokemondb.net/sprites/sword-shield/icon/golem.png
76,https://img.pokemondb.net/sprites/sword-shield/icon/golem-alolan.png
77,https://img.pokemondb.net/sprites/sword-shield/icon/ponyta.png
77,https://img.pokemondb.net/sprites/sword-shield/icon/ponyta-galarian.png
78,https://img.pokemondb.net/sprites/sword-shield/icon/rapidash.png
78,https://img.pokemondb.net/sprites/sword-shield/icon/rapidash-galarian.png
79,https://img.pokemondb.net/sprites/sword-shield/icon/slowpoke.png
79,https://img.pokemondb.net/sprites/sword-shield/icon/slowpoke-galarian.png
80,https://img.pokemondb.net/sprites/sword-shield/icon/slowbro.png
80,https://img.pokemondb.net/sprites/sword-shield/icon/slowbro-mega.png
80,https://img.pokemondb.net/sprites/sword-shield/icon/slowbro-galarian.png
81,https://img.pokemondb.net/sprites/sword-shield/icon/magnemite.png
82,https://img.pokemondb.net/sprites/sword-shield/icon/magneton.png
83,https://img.pokemondb.net/sprites/sword-shield/icon/farfetchd.png
83,https://img.pokemondb.net/sprites/sword-shield/icon/farfetchd-galarian.png
84,https://img.pokemondb.net/sprites/sword-shield/icon/doduo.png
85,https://img.pokemondb.net/sprites/sword-shield/icon/dodrio.png
86,https://img.pokemondb.net/sprites/sword-shield/icon/seel.png
87,https://img.pokemondb.net/sprites/sword-shield/icon/dewgong.png
88,https://img.pokemondb.net/sprites/sword-shield/icon/grimer.png
88,https://img.pokemondb.net/sprites/sword-shield/icon/grimer-alolan.png
89,https://img.pokemondb.net/sprites/sword-shield/icon/muk.png
89,https://img.pokemondb.net/sprites/sword-shield/icon/muk-alolan.png
90,https://img.pokemondb.net/sprites/sword-shield/icon/shellder.png
91,https://img.pokemondb.net/sprites/sword-shield/icon/cloyster.png
92,https://img.pokemondb.net/sprites/sword-shield/icon/gastly.png
93,https://img.pokemondb.net/sprites/sword-shield/icon/haunter.png
94,https://img.pokemondb.net/sprites/sword-shield/icon/gengar.png
94,https://img.pokemondb.net/sprites/sword-shield/icon/gengar-mega.png
95,https://img.pokemondb.net/sprites/sword-shield/icon/onix.png
96,https://img.pokemondb.net/sprites/sword-shield/icon/drowzee.png
97,https://img.pokemondb.net/sprites/sword-shield/icon/hypno.png
98,https://img.pokemondb.net/sprites/sword-shield/icon/krabby.png
99,https://img.pokemondb.net/sprites/sword-shield/icon/kingler.png
100,https://img.pokemondb.net/sprites/sword-shield/icon/voltorb.png
100,https://img.pokemondb.net/sprites/scarlet-violet/icon/voltorb-hisuian.png
101,https://img.pokemondb.net/sprites/sword-shield/icon/electrode.png
101,https://img.pokemondb.net/sprites/scarlet-violet/icon/electrode-hisuian.png
102,https://img.pokemondb.net/sprites/sword-shield/icon/exeggcute.png
103,https://img.pokemondb.net/sprites/sword-shield/icon/exeggutor.png
103,https://img.pokemondb.net/sprites/sword-shield/icon/exeggutor-alolan.png
104,https://img.pokemondb.net/sprites/sword-shield/icon/cubone.png
105,https://img.pokemondb.net/sprites/sword-shield/icon/marowak.png
105,https://img.pokemondb.net/sprites/sword-shield/icon/marowak-alolan.png
106,https://img.pokemondb.net/sprites/sword-shield/icon/hitmonlee.png
107,https://img.pokemondb.net/sprites/sword-shield/icon/hitmonchan.png
108,https://img.pokemondb.net/sprites/sword-shield/icon/lickitung.png
109,https://img.pokemondb.net/sprites/sword-shield/icon/koffing.png
110,https://img.pokemondb.net/sprites/sword-shield/icon/weezing.png
110,https://img.pokemondb.net/sprites/sword-shield/icon/weezing-galarian.png
111,https://img.pokemondb.net/sprites/sword-shield/icon/rhyhorn.png
112,https://img.pokemondb.net/sprites/sword-shield/icon/rhydon.png
113,https://img.pokemondb.net/sprites/sword-shield/icon/chansey.png
114,https://img.pokemondb.net/sprites/sword-shield/icon/tangela.png
115,https://img.pokemondb.net/sprites/sword-shield/icon/kangaskhan.png
115,https://img.pokemondb.net/sprites/sword-shield/icon/kangaskhan-mega.png
116,https://img.pokemondb.net/sprites/sword-shield/icon/horsea.png
117,https://img.pokemondb.net/sprites/sword-shield/icon/seadra.png
118,https://img.pokemondb.net/sprites/sword-shield/icon/goldeen.png
119,https://img.pokemondb.net/sprites/sword-shield/icon/seaking.png
120,https://img.pokemondb.net/sprites/sword-shield/icon/staryu.png
121,https://img.pokemondb.net/sprites/sword-shield/icon/starmie.png
122,https://img.pokemondb.net/sprites/sword-shield/icon/mr-mime.png
122,https://img.pokemondb.net/sprites/sword-shield/icon/mr-mime-galarian.png
123,https://img.pokemondb.net/sprites/sword-shield/icon/scyther.png
124,https://img.pokemondb.net/sprites/sword-shield/icon/jynx.png
125,https://img.pokemondb.net/sprites/sword-shield/icon/electabuzz.png
126,https://img.pokemondb.net/sprites/sword-shield/icon/magmar.png
127,https://img.pokemondb.net/sprites/sword-shield/icon/pinsir.png
127,https://img.pokemondb.net/sprites/sword-shield/icon/pinsir-mega.png
128,https://img.pokemondb.net/sprites/sword-shield/icon/tauros.png
129,https://img.pokemondb.net/sprites/sword-shield/icon/magikarp.png
130,https://img.pokemondb.net/sprites/sword-shield/icon/gyarados.png
130,https://img.pokemondb.net/sprites/sword-shield/icon/gyarados-mega.png
131,https://img.pokemondb.net/sprites/sword-shield/icon/lapras.png
132,https://img.pokemondb.net/sprites/sword-shield/icon/ditto.png
133,https://img.pokemondb.net/sprites/sword-shield/icon/eevee.png
134,https://img.pokemondb.net/sprites/sword-shield/icon/vaporeon.png
135,https://img.pokemondb.net/sprites/sword-shield/icon/jolteon.png
136,https://img.pokemondb.net/sprites/sword-shield/icon/flareon.png
137,https://img.pokemondb.net/sprites/sword-shield/icon/porygon.png
138,https://img.pokemondb.net/sprites/sword-shield/icon/omanyte.png
139,https://img.pokemondb.net/sprites/sword-shield/icon/omastar.png
140,https://img.pokemondb.net/sprites/sword-shield/icon/kabuto.png
141,https://img.pokemondb.net/sprites/sword-shield/icon/kabutops.png
142,https://img.pokemondb.net/sprites/sword-shield/icon/aerodactyl.png
142,https://img.pokemondb.net/sprites/sword-shield/icon/aerodactyl-mega.png
143,https://img.pokemondb.net/sprites/sword-shield/icon/snorlax.png
144,https://img.pokemondb.net/sprites/sword-shield/icon/articuno.png
144,https://img.pokemondb.net/sprites/sword-shield/icon/articuno-galarian.png
145,https://img.pokemondb.net/sprites/sword-shield/icon/zapdos.png
145,https://img.pokemondb.net/sprites/sword-shield/icon/zapdos-galarian.png
146,https://img.pokemondb.net/sprites/sword-shield/icon/moltres.png
146,https://img.pokemondb.net/sprites/sword-shield/icon/moltres-galarian.png
147,https://img.pokemondb.net/sprites/sword-shield/icon/dratini.png
148,https://img.pokemondb.net/sprites/sword-shield/icon/dragonair.png
149,https://img.pokemondb.net/sprites/sword-shield/icon/dragonite.png
150,https://img.pokemondb.net/sprites/sword-shield/icon/mewtwo.png
150,https://img.pokemondb.net/sprites/sword-shield/icon/mewtwo-armored.png
151,https://img.pokemondb.net/sprites/sword-shield/icon/mew.png
152,https://img.pokemondb.net/sprites/sword-shield/icon/chikorita.png
153,https://img.pokemondb.net/sprites/sword-shield/icon/bayleef.png
154,https://img.pokemondb.net/sprites/sword-shield/icon/meganium.png
155,https://img.pokemondb.net/sprites/sword-shield/icon/cyndaquil.png
156,https://img.pokemondb.net/sprites/sword-shield/icon/quilava.png
157,https://img.pokemondb.net/sprites/sword-shield/icon/typhlosion.png
158,https://img.pokemondb.net/sprites/sword-shield/icon/totodile.png
159,https://img.pokemondb.net/sprites/sword-shield/icon/croconaw.png
160,https://img.pokemondb.net/sprites/sword-shield/icon/feraligatr.png
161,https://img.pokemondb.net/sprites/sword-shield/icon/sentret.png
162,https://img.pokemondb.net/sprites/sword-shield/icon/furret.png
163,https://img.pokemondb.net/sprites/sword-shield/icon/hoothoot.png
164,https://img.pokemondb.net/sprites/sword-shield/icon/noctowl.png
165,https://img.pokemondb.net/sprites/sword-shield/icon/ledyba.png
166,https://img.pokemondb.net/sprites/sword-shield/icon/ledian.png
167,https://img.pokemondb.net/sprites/sword-shield/icon/spinarak.png
168,https://img.pokemondb.net/sprites/sword-shield/icon/ariados.png
169,https://img.pokemondb.net/sprites/sword-shield/icon/crobat.png
170,https://img.pokemondb.net/sprites/sword-shield/icon/chinchou.png
171,https://img.pokemondb.net/sprites/sword-shield/icon/lanturn.png
172,https://img.pokemondb.net/sprites/sword-shield/icon/pichu.png
173,https://img.pokemondb.net/sprites/sword-shield/icon/cleffa.png
174,https://img.pokemondb.net/sprites/sword-shield/icon/igglybuff.png
175,https://img.pokemondb.net/sprites/sword-shield/icon/togepi.png
176,https://img.pokemondb.net/sprites/sword-shield/icon/togetic.png
177,https://img.pokemondb.net/sprites/sword-shield/icon/natu.png
178,https://img.pokemondb.net/sprites/sword-shield/icon/xatu.png
179,https://img.pokemondb.net/sprites/sword-shield/icon/mareep.png
180,https://img.pokemondb.net/sprites/sword-shield/icon/flaaffy.png
181,https://img.pokemondb.net/sprites/sword-shield/icon/ampharos.png
181,https://img.pokemondb.net/sprites/sword-shield/icon/ampharos-mega.png
182,https://img.pokemondb.net/sprites/sword-shield/icon/bellossom.png
183,https://img.pokemondb.net/sprites/sword-shield/icon/marill.png
184,https://img.pokemondb.net/sprites/sword-shield/icon/azumarill.png
185,https://img.pokemondb.net/sprites/sword-shield/icon/sudowoodo.png
186,https://img.pokemondb.net/sprites/sword-shield/icon/politoed.png
187,https://img.pokemondb.net/sprites/sword-shield/icon/hoppip.png
188,https://img.pokemondb.net/sprites/sword-shield/icon/skiploom.png
189,https://img.pokemondb.net/sprites/sword-shield/icon/jumpluff.png
190,https://img.pokemondb.net/sprites/sword-shield/icon/aipom.png
191,https://img.pokemondb.net/sprites/sword-shield/icon/sunkern.png
192,https://img.pokemondb.net/sprites/sword-shield/icon/sunflora.png
193,https://img.pokemondb.net/sprites/sword-shield/icon/yanma.png
194,https://img.pokemondb.net/sprites/sword-shield/icon/wooper.png
194,https://img.pokemondb.net/sprites/scarlet-violet/icon/wooper-paldean.png
195,https://img.pokemondb.net/sprites/sword-shield/icon/quagsire.png
196,https://img.pokemondb.net/sprites/sword-shield/icon/espeon.png
197,https://img.pokemondb.net/sprites/sword-shield/icon/umbreon.png
198,https://img.pokemondb.net/sprites/sword-shield/icon/murkrow.png
199,https://img.pokemondb.net/sprites/sword-shield/icon/slowking.png
199,https://img.pokemondb.net/sprites/sword-shield/icon/slowking-galarian.png
200,https://img.pokemondb.net/sprites/sword-shield/icon/misdreavus.png
201,https://img.pokemondb.net/sprites/sword-shield/icon/unown.png
202,https://img.pokemondb.net/sprites/sword-shield/icon/wobbuffet.png
203,https://img.pokemondb.net/sprites/sword-shield/icon/girafarig.png
204,https://img.pokemondb.net/sprites/sword-shield/icon/pineco.png
205,https://img.pokemondb.net/sprites/sword-shield/icon/forretress.png
206,https://img.pokemondb.net/sprites/sword-shield/icon/dunsparce.png
207,https://img.pokemondb.net/sprites/sword-shield/icon/gligar.png
208,https://img.pokemondb.net/sprites/sword-shield/icon/steelix.png
208,https://img.pokemondb.net/sprites/sword-shield/icon/steelix-mega.png
209,https://img.pokemondb.net/sprites/sword-shield/icon/snubbull.png
210,https://img.pokemondb.net/sprites/sword-shield/icon/granbull.png
211,https://img.pokemondb.net/sprites/sword-shield/icon/qwilfish.png
211,https://img.pokemondb.net/sprites/scarlet-violet/icon/qwilfish-hisuian.png
212,https://img.pokemondb.net/sprites/sword-shield/icon/scizor.png
212,https://img.pokemondb.net/sprites/sword-shield/icon/scizor-mega.png
213,https://img.pokemondb.net/sprites/sword-shield/icon/shuckle.png
214,https://img.pokemondb.net/sprites/sword-shield/icon/heracross.png
215,https://img.pokemondb.net/sprites/sword-shield/icon/sneasel.png
215,https://img.pokemondb.net/sprites/scarlet-violet/icon/sneasel-hisuian.png
216,https://img.pokemondb.net/sprites/sword-shield/icon/teddiursa.png
217,https://img.pokemondb.net/sprites/sword-shield/icon/ursaring.png
218,https://img.pokemondb.net/sprites/sword-shield/icon/slugma.png
219,https://img.pokemondb.net/sprites/sword-shield/icon/magcargo.png
220,https://img.pokemondb.net/sprites/sword-shield/icon/swinub.png
221,https://img.pokemondb.net/sprites/sword-shield/icon/piloswine.png
222,https://img.pokemondb.net/sprites/sword-shield/icon/corsola.png
223,https://img.pokemondb.net/sprites/sword-shield/icon/remoraid.png
224,https://img.pokemondb.net/sprites/sword-shield/icon/octillery.png
225,https://img.pokemondb.net/sprites/sword-shield/icon/delibird.png
226,https://img.pokemondb.net/sprites/sword-shield/icon/mantine.png
227,https://img.pokemondb.net/sprites/sword-shield/icon/skarmory.png
228,https://img.pokemondb.net/sprites/sword-shield/icon/houndour.png
229,https://img.pokemondb.net/sprites/sword-shield/icon/houndoom.png
229,https://img.pokemondb.net/sprites/sword-shield/icon/houndoom-mega.png
230,https://img.pokemondb.net/sprites/sword-shield/icon/kingdra.png
231,https://img.pokemondb.net/sprites/sword-shield/icon/phanpy.png
232,https://img.pokemondb.net/sprites/sword-shield/icon/donphan.png
233,https://img.pokemondb.net/sprites/sword-shield/icon/porygon2.png
234,https://img.pokemondb.net/sprites/sword-shield/icon/stantler.png
235,https://img.pokemondb.net/sprites/sword-shield/icon/smeargle.png
236,https://img.pokemondb.net/sprites/sword-shield/icon/tyrogue.png
237,https://img.pokemondb.net/sprites/sword-shield/icon/hitmontop.png
238,https://img.pokemondb.net/sprites/sword-shield/icon/smoochum.png
239,https://img.pokemondb.net/sprites/sword-shield/icon/elekid.png
240,https://img.pokemondb.net/sprites/sword-shield/icon/magby.png
241,https://img.pokemondb.net/sprites/sword-shield/icon/miltank.png
242,https://img.pokemondb.net/sprites/sword-shield/icon/blissey.png
243,https://img.pokemondb.net/sprites/sword-shield/icon/raikou.png
244,https://img.pokemondb.net/sprites/sword-shield/icon/entei.png
245,https://img.pokemondb.net/sprites/sword-shield/icon/suicune.png
246,https://img.pokemondb.net/sprites/sword-shield/icon/larvitar.png
247,https://img.pokemondb.net/sprites/sword-shield/icon/pupitar.png
248,https://img.pokemondb.net/sprites/sword-shield/icon/tyranitar.png
248,https://img.pokemondb.net/sprites/sword-shield/icon/tyranitar-mega.png
249,https://img.pokemondb.net/sprites/sword-shield/icon/lugia.png
249,https://img.pokemondb.net/sprites/sword-shield/icon/lugia-apex.png
250,https://img.pokemondb.net/sprites/sword-shield/icon/ho-oh.png
250,https://img.pokemondb.net/sprites/sword-shield/icon/ho-oh-apex.png
251,https://img.pokemondb.net/sprites/sword-shield/icon/celebi.png
252,https://img.pokemondb.net/sprites/sword-shield/icon/treecko.png
253,https://img.pokemondb.net/sprites/sword-shield/icon/grovyle.png
254,https://img.pokemondb.net/sprites/sword-shield/icon/sceptile.png
254,https://img.pokemondb.net/sprites/sword-shield/icon/sceptile-mega.png
255,https://img.pokemondb.net/sprites/sword-shield/icon/torchic.png
256,https://img.pokemondb.net/sprites/sword-shield/icon/combusken.png
257,https://img.pokemondb.net/sprites/sword-shield/icon/blaziken.png
257,https://img.pokemondb.net/sprites/sword-shield/icon/blaziken-mega.png
258,https://img.pokemondb.net/sprites/sword-shield/icon/mudkip.png
259,https://img.pokemondb.net/sprites/sword-shield/icon/marshtomp.png
260,https://img.pokemondb.net/sprites/sword-shield/icon/swampert.png
260,https://img.pokemondb.net/sprites/sword-shield/icon/swampert-mega.png
261,https://img.pokemondb.net/sprites/sword-shield/icon/poochyena.png
262,https://img.pokemondb.net/sprites/sword-shield/icon/mightyena.png
263,https://img.pokemondb.net/sprites/sword-shield/icon/zigzagoon.png
263,https://img.pokemondb.net/sprites/sword-shield/icon/zigzagoon-galarian.png
264,https://img.pokemondb.net/sprites/sword-shield/icon/linoone.png
264,https://img.pokemondb.net/sprites/sword-shield/icon/linoone-galarian.png
265,https://img.pokemondb.net/sprites/sword-shield/icon/wurmple.png
266,https://img.pokemondb.net/sprites/sword-shield/icon/silcoon.png
267,https://img.pokemondb.net/sprites/sword-shield/icon/beautifly.png
268,https://img.pokemondb.net/sprites/sword-shield/icon/cascoon.png
269,https://img.pokemondb.net/sprites/sword-shield/icon/dustox.png
270,https://img.pokemondb.net/sprites/sword-shield/icon/lotad.png
271,https://img.pokemondb.net/sprites/sword-shield/icon/lombre.png
272,https://img.pokemondb.net/sprites/sword-shield/icon/ludicolo.png
273,https://img.pokemondb.net/sprites/sword-shield/icon/seedot.png
274,https://img.pokemondb.net/sprites/sword-shield/icon/nuzleaf.png
275,https://img.pokemondb.net/sprites/sword-shield/icon/shiftry.png
276,https://img.pokemondb.net/sprites/sword-shield/icon/taillow.png
277,https://img.pokemondb.net/sprites/sword-shield/icon/swellow.png
278,https://img.pokemondb.net/sprites/sword-shield/icon/wingull.png
279,https://img.pokemondb.net/sprites/sword-shield/icon/pelipper.png
280,https://img.pokemondb.net/sprites/sword-shield/icon/ralts.png
281,https://img.pokemondb.net/sprites/sword-shield/icon/kirlia.png
282,https://img.pokemondb.net/sprites/sword-shield/icon/gardevoir.png
282,https://img.pokemondb.net/sprites/sword-shield/icon/gardevoir-mega.png
283,https://img.pokemondb.net/sprites/sword-shield/icon/surskit.png
284,https://img.pokemondb.net/sprites/sword-shield/icon/masquerain.png
285,https://img.pokemondb.net/sprites/sword-shield/icon/shroomish.png
286,https://img.pokemondb.net/sprites/sword-shield/icon/breloom.png
287,https://img.pokemondb.net/sprites/sword-shield/icon/slakoth.png
288,https://img.pokemondb.net/sprites/sword-shield/icon/vigoroth.png
289,https://img.pokemondb.net/sprites/sword-shield/icon/slaking.png
290,https://img.pokemondb.net/sprites/sword-shield/icon/nincada.png
291,https://img.pokemondb.net/sprites/sword-shield/icon/ninjask.png
292,https://img.pokemondb.net/sprites/sword-shield/icon/shedinja.png
293,https://img.pokemondb.net/sprites/sword-shield/icon/whismur.png
294,https://img.pokemondb.net/sprites/sword-shield/icon/loudred.png
295,https://img.pokemondb.net/sprites/sword-shield/icon/exploud.png
296,https://img.pokemondb.net/sprites/sword-shield/icon/makuhita.png
297,https://img.pokemondb.net/sprites/sword-shield/icon/hariyama.png
298,https://img.pokemondb.net/sprites/sword-shield/icon/azurill.png
299,https://img.pokemondb.net/sprites/sword-shield/icon/nosepass.png
300,https://img.pokemondb.net/sprites/sword-shield/icon/skitty.png
301,https://img.pokemondb.net/sprites/sword-shield/icon/delcatty.png
302,https://img.pokemondb.net/sprites/sword-shield/icon/sableye.png
302,https://img.pokemondb.net/sprites/sword-shield/icon/sableye-mega.png
303,https://img.pokemondb.net/sprites/sword-shield/icon/mawile.png
304,https://img.pokemondb.net/sprites/sword-shield/icon/aron.png
305,https://img.pokemondb.net/sprites/sword-shield/icon/lairon.png
306,https://img.pokemondb.net/sprites/sword-shield/icon/aggron.png
306,https://img.pokemondb.net/sprites/sword-shield/icon/aggron-mega.png
307,https://img.pokemondb.net/sprites/sword-shield/icon/meditite.png
308,https://img.pokemondb.net/sprites/sword-shield/icon/medicham.png
308,https://img.pokemondb.net/sprites/sword-shield/icon/medicham-mega.png
309,https://img.pokemondb.net/sprites/sword-shield/icon/electrike.png
310,https://img.pokemondb.net/sprites/sword-shield/icon/manectric.png
310,https://img.pokemondb.net/sprites/sword-shield/icon/manectric-mega.png
311,https://img.pokemondb.net/sprites/sword-shield/icon/plusle.png
312,https://img.pokemondb.net/sprites/sword-shield/icon/minun.png
313,https://img.pokemondb.net/sprites/sword-shield/icon/volbeat.png
314,https://img.pokemondb.net/sprites/sword-shield/icon/illumise.png
315,https://img.pokemondb.net/sprites/sword-shield/icon/roselia.png
316,https://img.pokemondb.net/sprites/sword-shield/icon/gulpin.png
317,https://img.pokemondb.net/sprites/sword-shield/icon/swalot.png
318,https://img.pokemondb.net/sprites/sword-shield/icon/carvanha.png
319,https://img.pokemondb.net/sprites/sword-shield/icon/sharpedo.png
320,https://img.pokemondb.net/sprites/sword-shield/icon/wailmer.png
321,https://img.pokemondb.net/sprites/sword-shield/icon/wailord.png
322,https://img.pokemondb.net/sprites/sword-shield/icon/numel.png
323,https://img.pokemondb.net/sprites/sword-shield/icon/camerupt.png
324,https://img.pokemondb.net/sprites/sword-shield/icon/torkoal.png
325,https://img.pokemondb.net/sprites/sword-shield/icon/spoink.png
326,https://img.pokemondb.net/sprites/sword-shield/icon/grumpig.png
327,https://img.pokemondb.net/sprites/sword-shield/icon/spinda.png
328,https://img.pokemondb.net/sprites/sword-shield/icon/trapinch.png
329,https://img.pokemondb.net/sprites/sword-shield/icon/vibrava.png
330,https://img.pokemondb.net/sprites/sword-shield/icon/flygon.png
331,https://img.pokemondb.net/sprites/sword-shield/icon/cacnea.png
332,https://img.pokemondb.net/sprites/sword-shield/icon/cacturne.png
333,https://img.pokemondb.net/sprites/sword-shield/icon/swablu.png
334,https://img.pokemondb.net/sprites/sword-shield/icon/altaria.png
334,https://img.pokemondb.net/sprites/sword-shield/icon/altaria-mega.png
335,https://img.pokemondb.net/sprites/sword-shield/icon/zangoose.png
336,https://img.pokemondb.net/sprites/sword-shield/icon/seviper.png
337,https://img.pokemondb.net/sprites/sword-shield/icon/lunatone.png
338,https://img.pokemondb.net/sprites/sword-shield/icon/solrock.png
339,https://img.pokemondb.net/sprites/sword-shield/icon/barboach.png
340,https://img.pokemondb.net/sprites/sword-shield/icon/whiscash.png
341,https://img.pokemondb.net/sprites/sword-shield/icon/corphish.png
342,https://img.pokemondb.net/sprites/sword-shield/icon/crawdaunt.png
343,https://img.pokemondb.net/sprites/sword-shield/icon/baltoy.png
344,https://img.pokemondb.net/sprites/sword-shield/icon/claydol.png
345,https://img.pokemondb.net/sprites/sword-shield/icon/lileep.png
346,https://img.pokemondb.net/sprites/sword-shield/icon/cradily.png
347,https://img.pokemondb.net/sprites/sword-shield/icon/anorith.png
348,https://img.pokemondb.net/sprites/sword-shield/icon/armaldo.png
349,https://img.pokemondb.net/sprites/sword-shield/icon/feebas.png
350,https://img.pokemondb.net/sprites/sword-shield/icon/milotic.png
351,https://img.pokemondb.net/sprites/sword-shield/icon/castform.png
351,https://img.pokemondb.net/sprites/sword-shield/icon/castform-sunny.png
351,https://img.pokemondb.net/sprites/sword-shield/icon/castform-rainy.png
351,https://img.pokemondb.net/sprites/sword-shield/icon/castform-snowy.png
352,https://img.pokemondb.net/sprites/sword-shield/icon/kecleon.png
353,https://img.pokemondb.net/sprites/sword-shield/icon/shuppet.png
354,https://img.pokemondb.net/sprites/sword-shield/icon/banette.png
354,https://img.pokemondb.net/sprites/sword-shield/icon/banette-mega.png
355,https://img.pokemondb.net/sprites/sword-shield/icon/duskull.png
356,https://img.pokemondb.net/sprites/sword-shield/icon/dusclops.png
357,https://img.pokemondb.net/sprites/sword-shield/icon/tropius.png
358,https://img.pokemondb.net/sprites/sword-shield/icon/chimecho.png
359,https://img.pokemondb.net/sprites/sword-shield/icon/absol.png
359,https://img.pokemondb.net/sprites/sword-shield/icon/absol-mega.png
360,https://img.pokemondb.net/sprites/sword-shield/icon/wynaut.png
361,https://img.pokemondb.net/sprites/sword-shield/icon/snorunt.png
362,https://img.pokemondb.net/sprites/sword-shield/icon/glalie.png
362,https://img.pokemondb.net/sprites/sword-shield/icon/glalie-mega.png
363,https://img.pokemondb.net/sprites/sword-shield/icon/spheal.png
364,https://img.pokemondb.net/sprites/sword-shield/icon/sealeo.png
365,https://img.pokemondb.net/sprites/sword-shield/icon/walrein.png
366,https://img.pokemondb.net/sprites/sword-shield/icon/clamperl.png
367,https://img.pokemondb.net/sprites/sword-shield/icon/huntail.png
368,https://img.pokemondb.net/sprites/sword-shield/icon/gorebyss.png
369,https://img.pokemondb.net/sprites/sword-shield/icon/relicanth.png
370,https://img.pokemondb.net/sprites/sword-shield/icon/luvdisc.png
371,https://img.pokemondb.net/sprites/sword-shield/icon/bagon.png
372,https://img.pokemondb.net/sprites/sword-shield/icon/shelgon.png
373,https://img.pokemondb.net/sprites/sword-shield/icon/salamence.png
373,https://img.pokemondb.net/sprites/sword-shield/icon/salamence-mega.png
374,https://img.pokemondb.net/sprites/sword-shield/icon/beldum.png
375,https://img.pokemondb.net/sprites/sword-shield/icon/metang.png
376,https://img.pokemondb.net/sprites/sword-shield/icon/metagross.png
377,https://img.pokemondb.net/sprites/sword-shield/icon/regirock.png
378,https://img.pokemondb.net/sprites/sword-shield/icon/regice.png
379,https://img.pokemondb.net/sprites/sword-shield/icon/registeel.png
380,https://img.pokemondb.net/sprites/sword-shield/icon/latias.png
380,https://img.pokemondb.net/sprites/sword-shield/icon/latias-mega.png
381,https://img.pokemondb.net/sprites/sword-shield/icon/latios.png
381,https://img.pokemondb.net/sprites/sword-shield/icon/latios-mega.png
382,https://img.pokemondb.net/sprites/sword-shield/icon/kyogre.png
382,https://img.pokemondb.net/sprites/sword-shield/icon/kyogre-primal.png
383,https://img.pokemondb.net/sprites/sword-shield/icon/groudon.png
383,https://img.pokemondb.net/sprites/sword-shield/icon/groudon-primal.png
384,https://img.pokemondb.net/sprites/sword-shield/icon/rayquaza.png
384,https://img.pokemondb.net/sprites/sword-shield/icon/rayquaza-mega.png
385,https://img.pokemondb.net/sprites/sword-shield/icon/jirachi.png
386,https://img.pokemondb.net/sprites/sword-shield/icon/deoxys-normal.png
386,https://img.pokemondb.net/sprites/sword-shield/icon/deoxys-attack.png
386,https://img.pokemondb.net/sprites/sword-shield/icon/deoxys-defense.png
386,https://img.pokemondb.net/sprites/sword-shield/icon/deoxys-speed.png
387,https://img.pokemondb.net/sprites/sword-shield/icon/turtwig.png
388,https://img.pokemondb.net/sprites/sword-shield/icon/grotle.png
389,https://img.pokemondb.net/sprites/sword-shield/icon/torterra.png
390,https://img.pokemondb.net/sprites/sword-shield/icon/chimchar.png
391,https://img.pokemondb.net/sprites/sword-shield/icon/monferno.png
392,https://img.pokemondb.net/sprites/sword-shield/icon/infernape.png
393,https://img.pokemondb.net/sprites/sword-shield/icon/piplup.png
394,https://img.pokemondb.net/sprites/sword-shield/icon/prinplup.png
395,https://img.pokemondb.net/sprites/sword-shield/icon/empoleon.png
396,https://img.pokemondb.net/sprites/sword-shield/icon/starly.png
397,https://img.pokemondb.net/sprites/sword-shield/icon/staravia.png
398,https://img.pokemondb.net/sprites/sword-shield/icon/staraptor.png
399,https://img.pokemondb.net/sprites/sword-shield/icon/bidoof.png
400,https://img.pokemondb.net/sprites/sword-shield/icon/bibarel.png
401,https://img.pokemondb.net/sprites/sword-shield/icon/kricketot.png
402,https://img.pokemondb.net/sprites/sword-shield/icon/kricketune.png
403,https://img.pokemondb.net/sprites/sword-shield/icon/shinx.png
404,https://img.pokemondb.net/sprites/sword-shield/icon/luxio.png
405,https://img.pokemondb.net/sprites/sword-shield/icon/luxray.png
406,https://img.pokemondb.net/sprites/sword-shield/icon/budew.png
407,https://img.pokemondb.net/sprites/sword-shield/icon/roserade.png
408,https://img.pokemondb.net/sprites/sword-shield/icon/cranidos.png
409,https://img.pokemondb.net/sprites/sword-shield/icon/rampardos.png
410,https://img.pokemondb.net/sprites/sword-shield/icon/shieldon.png
411,https://img.pokemondb.net/sprites/sword-shield/icon/bastiodon.png
412,https://img.pokemondb.net/sprites/sword-shield/icon/burmy-plant.png
412,https://img.pokemondb.net/sprites/sword-shield/icon/burmy-sandy.png
412,https://img.pokemondb.net/sprites/sword-shield/icon/burmy-trash.png
413,https://img.pokemondb.net/sprites/sword-shield/icon/wormadam-plant.png
413,https://img.pokemondb.net/sprites/sword-shield/icon/wormadam-sandy.png
413,https://img.pokemondb.net/sprites/sword-shield/icon/wormadam-trash.png
414,https://img.pokemondb.net/sprites/sword-shield/icon/mothim.png
415,https://img.pokemondb.net/sprites/sword-shield/icon/combee.png
416,https://img.pokemondb.net/sprites/sword-shield/icon/vespiquen.png
417,https://img.pokemondb.net/sprites/sword-shield/icon/pachirisu.png
418,https://img.pokemondb.net/sprites/sword-shield/icon/buizel.png
419,https://img.pokemondb.net/sprites/sword-shield/icon/floatzel.png
420,https://img.pokemondb.net/sprites/sword-shield/icon/cherubi.png
421,https://img.pokemondb.net/sprites/sword-shield/icon/cherrim-overcast.png
421,https://img.pokemondb.net/sprites/sword-shield/icon/cherrim-sunshine.png
422,https://img.pokemondb.net/sprites/sword-shield/icon/shellos-east.png
422,https://img.pokemondb.net/sprites/sword-shield/icon/shellos-west.png
423,https://img.pokemondb.net/sprites/sword-shield/icon/gastrodon-east.png
423,https://img.pokemondb.net/sprites/sword-shield/icon/gastrodon-west.png
424,https://img.pokemondb.net/sprites/sword-shield/icon/ambipom.png
425,https://img.pokemondb.net/sprites/sword-shield/icon/drifloon.png
426,https://img.pokemondb.net/sprites/sword-shield/icon/drifblim.png
427,https://img.pokemondb.net/sprites/sword-shield/icon/buneary.png
428,https://img.pokemondb.net/sprites/sword-shield/icon/lopunny.png
428,https://img.pokemondb.net/sprites/sword-shield/icon/lopunny-mega.png
429,https://img.pokemondb.net/sprites/sword-shield/icon/mismagius.png
430,https://img.pokemondb.net/sprites/sword-shield/icon/honchkrow.png
431,https://img.pokemondb.net/sprites/sword-shield/icon/glameow.png
432,https://img.pokemondb.net/sprites/sword-shield/icon/purugly.png
433,https://img.pokemondb.net/sprites/sword-shield/icon/chingling.png
434,https://img.pokemondb.net/sprites/sword-shield/icon/stunky.png
435,https://img.pokemondb.net/sprites/sword-shield/icon/skuntank.png
436,https://img.pokemondb.net/sprites/sword-shield/icon/bronzor.png
437,https://img.pokemondb.net/sprites/sword-shield/icon/bronzong.png
438,https://img.pokemondb.net/sprites/sword-shield/icon/bonsly.png
439,https://img.pokemondb.net/sprites/sword-shield/icon/mime-jr.png
440,https://img.pokemondb.net/sprites/sword-shield/icon/happiny.png
441,https://img.pokemondb.net/sprites/sword-shield/icon/chatot.png
442,https://img.pokemondb.net/sprites/sword-shield/icon/spiritomb.png
443,https://img.pokemondb.net/sprites/sword-shield/icon/gible.png
444,https://img.pokemondb.net/sprites/sword-shield/icon/gabite.png
445,https://img.pokemondb.net/sprites/sword-shield/icon/garchomp.png
446,https://img.pokemondb.net/sprites/sword-shield/icon/munchlax.png
447,https://img.pokemondb.net/sprites/sword-shield/icon/riolu.png
448,https://img.pokemondb.net/sprites/sword-shield/icon/lucario.png
449,https://img.pokemondb.net/sprites/sword-shield/icon/hippopotas.png
450,https://img.pokemondb.net/sprites/sword-shield/icon/hippowdon.png
451,https://img.pokemondb.net/sprites/sword-shield/icon/skorupi.png
452,https://img.pokemondb.net/sprites/sword-shield/icon/drapion.png
453,https://img.pokemondb.net/sprites/sword-shield/icon/croagunk.png
454,https://img.pokemondb.net/sprites/sword-shield/icon/toxicroak.png
455,https://img.pokemondb.net/sprites/sword-shield/icon/carnivine.png
456,https://img.pokemondb.net/sprites/sword-shield/icon/finneon.png
457,https://img.pokemondb.net/sprites/sword-shield/icon/lumineon.png
458,https://img.pokemondb.net/sprites/sword-shield/icon/mantyke.png
459,https://img.pokemondb.net/sprites/sword-shield/icon/snover.png
460,https://img.pokemondb.net/sprites/sword-shield/icon/abomasnow.png
460,https://img.pokemondb.net/sprites/sword-shield/icon/abomasnow-mega.png
461,https://img.pokemondb.net/sprites/sword-shield/icon/weavile.png
462,https://img.pokemondb.net/sprites/sword-shield/icon/magnezone.png
463,https://img.pokemondb.net/sprites/sword-shield/icon/lickilicky.png
464,https://img.pokemondb.net/sprites/sword-shield/icon/rhyperior.png
465,https://img.pokemondb.net/sprites/sword-shield/icon/tangrowth.png
466,https://img.pokemondb.net/sprites/sword-shield/icon/electivire.png
467,https://img.pokemondb.net/sprites/sword-shield/icon/magmortar.png
468,https://img.pokemondb.net/sprites/sword-shield/icon/togekiss.png
469,https://img.pokemondb.net/sprites/sword-shield/icon/yanmega.png
470,https://img.pokemondb.net/sprites/sword-shield/icon/leafeon.png
471,https://img.pokemondb.net/sprites/sword-shield/icon/glaceon.png
472,https://img.pokemondb.net/sprites/sword-shield/icon/gliscor.png
473,https://img.pokemondb.net/sprites/sword-shield/icon/mamoswine.png
474,https://img.pokemondb.net/sprites/sword-shield/icon/porygon-z.png
475,https://img.pokemondb.net/sprites/sword-shield/icon/gallade.png
476,https://img.pokemondb.net/sprites/sword-shield/icon/probopass.png
477,https://img.pokemondb.net/sprites/sword-shield/icon/dusknoir.png
478,https://img.pokemondb.net/sprites/sword-shield/icon/froslass.png
479,https://img.pokemondb.net/sprites/sword-shield/icon/rotom-wash.png
479,https://img.pokemondb.net/sprites/sword-shield/icon/rotom-mow.png
480,https://img.pokemondb.net/sprites/sword-shield/icon/uxie.png
481,https://img.pokemondb.net/sprites/sword-shield/icon/mesprit.png
482,https://img.pokemondb.net/sprites/sword-shield/icon/azelf.png
483,https://img.pokemondb.net/sprites/sword-shield/icon/dialga.png
484,https://img.pokemondb.net/sprites/sword-shield/icon/palkia.png
485,https://img.pokemondb.net/sprites/sword-shield/icon/heatran.png
486,https://img.pokemondb.net/sprites/sword-shield/icon/regigigas.png
487,https://img.pokemondb.net/sprites/sword-shield/icon/giratina-altered.png
487,https://img.pokemondb.net/sprites/sword-shield/icon/giratina-origin.png
488,https://img.pokemondb.net/sprites/sword-shield/icon/cresselia.png
491,https://img.pokemondb.net/sprites/sword-shield/icon/darkrai.png
492,https://img.pokemondb.net/sprites/sword-shield/icon/shaymin-land.png
492,https://img.pokemondb.net/sprites/sword-shield/icon/shaymin-sky.png
494,https://img.pokemondb.net/sprites/sword-shield/icon/victini.png
495,https://img.pokemondb.net/sprites/sword-shield/icon/snivy.png
496,https://img.pokemondb.net/sprites/sword-shield/icon/servine.png
497,https://img.pokemondb.net/sprites/sword-shield/icon/serperior.png
498,https://img.pokemondb.net/sprites/sword-shield/icon/tepig.png
499,https://img.pokemondb.net/sprites/sword-shield/icon/pignite.png
500,https://img.pokemondb.net/sprites/sword-shield/icon/emboar.png
501,https://img.pokemondb.net/sprites/sword-shield/icon/oshawott.png
502,https://img.pokemondb.net/sprites/sword-shield/icon/dewott.png
503,https://img.pokemondb.net/sprites/sword-shield/icon/samurott.png
504,https://img.pokemondb.net/sprites/sword-shield/icon/patrat.png
505,https://img.pokemondb.net/sprites/sword-shield/icon/watchog.png
506,https://img.pokemondb.net/sprites/sword-shield/icon/lillipup.png
507,https://img.pokemondb.net/sprites/sword-shield/icon/herdier.png
508,https://img.pokemondb.net/sprites/sword-shield/icon/stoutland.png
509,https://img.pokemondb.net/sprites/sword-shield/icon/purrloin.png
510,https://img.pokemondb.net/sprites/sword-shield/icon/liepard.png
511,https://img.pokemondb.net/sprites/sword-shield/icon/pansage.png
512,https://img.pokemondb.net/sprites/sword-shield/icon/simisage.png
513,https://img.pokemondb.net/sprites/sword-shield/icon/pansear.png
514,https://img.pokemondb.net/sprites/sword-shield/icon/simisear.png
515,https://img.pokemondb.net/sprites/sword-shield/icon/panpour.png
516,https://img.pokemondb.net/sprites/sword-shield/icon/simipour.png
517,https://img.pokemondb.net/sprites/sword-shield/icon/munna.png
518,https://img.pokemondb.net/sprites/sword-shield/icon/musharna.png
519,https://img.pokemondb.net/sprites/sword-shield/icon/pidove.png
520,https://img.pokemondb.net/sprites/sword-shield/icon/tranquill.png
521,https://img.pokemondb.net/sprites/sword-shield/icon/unfezant.png
522,https://img.pokemondb.net/sprites/sword-shield/icon/blitzle.png
523,https://img.pokemondb.net/sprites/sword-shield/icon/zebstrika.png
524,https://img.pokemondb.net/sprites/sword-shield/icon/roggenrola.png
525,https://img.pokemondb.net/sprites/sword-shield/icon/boldore.png
526,https://img.pokemondb.net/sprites/sword-shield/icon/gigalith.png
527,https://img.pokemondb.net/sprites/sword-shield/icon/woobat.png
528,https://img.pokemondb.net/sprites/sword-shield/icon/swoobat.png
529,https://img.pokemondb.net/sprites/sword-shield/icon/drilbur.png
530,https://img.pokemondb.net/sprites/sword-shield/icon/excadrill.png
531,https://img.pokemondb.net/sprites/sword-shield/icon/audino.png
532,https://img.pokemondb.net/sprites/sword-shield/icon/timburr.png
533,https://img.pokemondb.net/sprites/sword-shield/icon/gurdurr.png
534,https://img.pokemondb.net/sprites/sword-shield/icon/conkeldurr.png
535,https://img.pokemondb.net/sprites/sword-shield/icon/tympole.png
536,https://img.pokemondb.net/sprites/sword-shield/icon/palpitoad.png
537,https://img.pokemondb.net/sprites/sword-shield/icon/seismitoad.png
538,https://img.pokemondb.net/sprites/sword-shield/icon/throh.png
539,https://img.pokemondb.net/sprites/sword-shield/icon/sawk.png
540,https://img.pokemondb.net/sprites/sword-shield/icon/sewaddle.png
541,https://img.pokemondb.net/sprites/sword-shield/icon/swadloon.png
542,https://img.pokemondb.net/sprites/sword-shield/icon/leavanny.png
543,https://img.pokemondb.net/sprites/sword-shield/icon/venipede.png
544,https://img.pokemondb.net/sprites/sword-shield/icon/whirlipede.png
545,https://img.pokemondb.net/sprites/sword-shield/icon/scolipede.png
546,https://img.pokemondb.net/sprites/sword-shield/icon/cottonee.png
547,https://img.pokemondb.net/sprites/sword-shield/icon/whimsicott.png
548,https://img.pokemondb.net/sprites/sword-shield/icon/petilil.png
549,https://img.pokemondb.net/sprites/sword-shield/icon/lilligant.png
550,https://img.pokemondb.net/sprites/sword-shield/icon/basculin-red-striped.png
550,https://img.pokemondb.net/sprites/sword-shield/icon/basculin-blue-striped.png
551,https://img.pokemondb.net/sprites/sword-shield/icon/sandile.png
552,https://img.pokemondb.net/sprites/sword-shield/icon/krokorok.png
553,https://img.pokemondb.net/sprites/sword-shield/icon/krookodile.png
554,https://img.pokemondb.net/sprites/sword-shield/icon/darumaka.png
554,https://img.pokemondb.net/sprites/sword-shield/icon/darumaka-galarian.png
555,https://img.pokemondb.net/sprites/sword-shield/icon/darmanitan-standard.png
555,https://img.pokemondb.net/sprites/sword-shield/icon/darmanitan-galarian-standard.png
556,https://img.pokemondb.net/sprites/sword-shield/icon/maractus.png
557,https://img.pokemondb.net/sprites/sword-shield/icon/dwebble.png
558,https://img.pokemondb.net/sprites/sword-shield/icon/crustle.png
559,https://img.pokemondb.net/sprites/sword-shield/icon/scraggy.png
560,https://img.pokemondb.net/sprites/sword-shield/icon/scrafty.png
561,https://img.pokemondb.net/sprites/sword-shield/icon/sigilyph.png
562,https://img.pokemondb.net/sprites/sword-shield/icon/yamask.png
562,https://img.pokemondb.net/sprites/sword-shield/icon/yamask-galarian.png
563,https://img.pokemondb.net/sprites/sword-shield/icon/cofagrigus.png
564,https://img.pokemondb.net/sprites/sword-shield/icon/tirtouga.png
565,https://img.pokemondb.net/sprites/sword-shield/icon/carracosta.png
566,https://img.pokemondb.net/sprites/sword-shield/icon/archen.png
567,https://img.pokemondb.net/sprites/sword-shield/icon/archeops.png
568,https://img.pokemondb.net/sprites/sword-shield/icon/trubbish.png
569,https://img.pokemondb.net/sprites/sword-shield/icon/garbodor.png
570,https://img.pokemondb.net/sprites/sword-shield/icon/zorua.png
571,https://img.pokemondb.net/sprites/sword-shield/icon/zoroark.png
572,https://img.pokemondb.net/sprites/sword-shield/icon/minccino.png
573,https://img.pokemondb.net/sprites/sword-shield/icon/cinccino.png
574,https://img.pokemondb.net/sprites/sword-shield/icon/gothita.png
575,https://img.pokemondb.net/sprites/sword-shield/icon/gothorita.png
576,https://img.pokemondb.net/sprites/sword-shield/icon/gothitelle.png
577,https://img.pokemondb.net/sprites/sword-shield/icon/solosis.png
578,https://img.pokemondb.net/sprites/sword-shield/icon/duosion.png
579,https://img.pokemondb.net/sprites/sword-shield/icon/reuniclus.png
580,https://img.pokemondb.net/sprites/sword-shield/icon/ducklett.png
581,https://img.pokemondb.net/sprites/sword-shield/icon/swanna.png
582,https://img.pokemondb.net/sprites/sword-shield/icon/vanillite.png
583,https://img.pokemondb.net/sprites/sword-shield/icon/vanillish.png
584,https://img.pokemondb.net/sprites/sword-shield/icon/vanilluxe.png
585,https://img.pokemondb.net/sprites/sword-shield/icon/deerling-spring.png
585,https://img.pokemondb.net/sprites/sword-shield/icon/deerling-autumn.png
585,https://img.pokemondb.net/sprites/sword-shield/icon/deerling-summer.png
585,https://img.pokemondb.net/sprites/sword-shield/icon/deerling-winter.png
586,https://img.pokemondb.net/sprites/sword-shield/icon/sawsbuck-spring.png
586,https://img.pokemondb.net/sprites/sword-shield/icon/sawsbuck-autumn.png
586,https://img.pokemondb.net/sprites/sword-shield/icon/sawsbuck-summer.png
586,https://img.pokemondb.net/sprites/sword-shield/icon/sawsbuck-winter.png
587,https://img.pokemondb.net/sprites/sword-shield/icon/emolga.png
588,https://img.pokemondb.net/sprites/sword-shield/icon/karrablast.png
589,https://img.pokemondb.net/sprites/sword-shield/icon/escavalier.png
590,https://img.pokemondb.net/sprites/sword-shield/icon/foongus.png
591,https://img.pokemondb.net/sprites/sword-shield/icon/amoonguss.png
592,https://img.pokemondb.net/sprites/sword-shield/icon/frillish-male.png
592,https://img.pokemondb.net/sprites/sword-shield/icon/frillish-female.png
593,https://img.pokemondb.net/sprites/sword-shield/icon/jellicent-male.png
593,https://img.pokemondb.net/sprites/sword-shield/icon/jellicent-female.png
594,https://img.pokemondb.net/sprites/sword-shield/icon/alomomola.png
595,https://img.pokemondb.net/sprites/sword-shield/icon/joltik.png
596,https://img.pokemondb.net/sprites/sword-shield/icon/galvantula.png
597,https://img.pokemondb.net/sprites/sword-shield/icon/ferroseed.png
598,https://img.pokemondb.net/sprites/sword-shield/icon/ferrothorn.png
599,https://img.pokemondb.net/sprites/sword-shield/icon/klink.png
600,https://img.pokemondb.net/sprites/sword-shield/icon/klang.png
601,https://img.pokemondb.net/sprites/sword-shield/icon/klinklang.png
602,https://img.pokemondb.net/sprites/sword-shield/icon/tynamo.png
603,https://img.pokemondb.net/sprites/sword-shield/icon/eelektrik.png
604,https://img.pokemondb.net/sprites/sword-shield/icon/eelektross.png
605,https://img.pokemondb.net/sprites/sword-shield/icon/elgyem.png
606,https://img.pokemondb.net/sprites/sword-shield/icon/beheeyem.png
607,https://img.pokemondb.net/sprites/sword-shield/icon/litwick.png
608,https://img.pokemondb.net/sprites/sword-shield/icon/lampent.png
609,https://img.pokemondb.net/sprites/sword-shield/icon/chandelure.png
610,https://img.pokemondb.net/sprites/sword-shield/icon/axew.png
611,https://img.pokemondb.net/sprites/sword-shield/icon/fraxure.png
612,https://img.pokemondb.net/sprites/sword-shield/icon/haxorus.png
613,https://img.pokemondb.net/sprites/sword-shield/icon/cubchoo.png
614,https://img.pokemondb.net/sprites/sword-shield/icon/beartic.png
615,https://img.pokemondb.net/sprites/sword-shield/icon/cryogonal.png
616,https://img.pokemondb.net/sprites/sword-shield/icon/shelmet.png
617,https://img.pokemondb.net/sprites/sword-shield/icon/accelgor.png
618,https://img.pokemondb.net/sprites/sword-shield/icon/stunfisk.png
618,https://img.pokemondb.net/sprites/sword-shield/icon/stunfisk-galarian.png
619,https://img.pokemondb.net/sprites/sword-shield/icon/mienfoo.png
620,https://img.pokemondb.net/sprites/sword-shield/icon/mienshao.png
621,https://img.pokemondb.net/sprites/sword-shield/icon/druddigon.png
622,https://img.pokemondb.net/sprites/sword-shield/icon/golett.png
623,https://img.pokemondb.net/sprites/sword-shield/icon/golurk.png
624,https://img.pokemondb.net/sprites/sword-shield/icon/pawniard.png
625,https://img.pokemondb.net/sprites/sword-shield/icon/bisharp.png
626,https://img.pokemondb.net/sprites/sword-shield/icon/bouffalant.png
627,https://img.pokemondb.net/sprites/sword-shield/icon/rufflet.png
628,https://img.pokemondb.net/sprites/sword-shield/icon/braviary.png
628,https://img.pokemondb.net/sprites/scarlet-violet/icon/braviary-hisuian.png
629,https://img.pokemondb.net/sprites/sword-shield/icon/vullaby.png
630,https://img.pokemondb.net/sprites/sword-shield/icon/mandibuzz.png
631,https://img.pokemondb.net/sprites/sword-shield/icon/heatmor.png
632,https://img.pokemondb.net/sprites/sword-shield/icon/durant.png
633,https://img.pokemondb.net/sprites/sword-shield/icon/deino.png
634,https://img.pokemondb.net/sprites/sword-shield/icon/zweilous.png
635,https://img.pokemondb.net/sprites/sword-shield/icon/hydreigon.png
636,https://img.pokemondb.net/sprites/sword-shield/icon/larvesta.png
637,https://img.pokemondb.net/sprites/sword-shield/icon/volcarona.png
638,https://img.pokemondb.net/sprites/sword-shield/icon/cobalion.png
639,https://img.pokemondb.net/sprites/sword-shield/icon/terrakion.png
640,https://img.pokemondb.net/sprites/sword-shield/icon/virizion.png
641,https://img.pokemondb.net/sprites/sword-shield/icon/tornadus-incarnate.png
641,https://img.pokemondb.net/sprites/sword-shield/icon/tornadus-therian.png
642,https://img.pokemondb.net/sprites/sword-shield/icon/thundurus-incarnate.png
642,https://img.pokemondb.net/sprites/sword-shield/icon/thundurus-therian.png
643,https://img.pokemondb.net/sprites/sword-shield/icon/reshiram.png
644,https://img.pokemondb.net/sprites/sword-shield/icon/zekrom.png
645,https://img.pokemondb.net/sprites/sword-shield/icon/landorus-incarnate.png
645,https://img.pokemondb.net/sprites/sword-shield/icon/landorus-therian.png
646,https://img.pokemondb.net/sprites/sword-shield/icon/kyurem.png
647,https://img.pokemondb.net/sprites/sword-shield/icon/keldeo-ordinary.png
648,https://img.pokemondb.net/sprites/sword-shield/icon/meloetta-aria.png
649,https://img.pokemondb.net/sprites/sword-shield/icon/genesect.png
649,https://img.pokemondb.net/sprites/sword-shield/icon/genesect-burn.png
649,https://img.pokemondb.net/sprites/sword-shield/icon/genesect-chill.png
649,https://img.pokemondb.net/sprites/sword-shield/icon/genesect-douse.png
649,https://img.pokemondb.net/sprites/sword-shield/icon/genesect-shock.png
650,https://img.pokemondb.net/sprites/sword-shield/icon/chespin.png
651,https://img.pokemondb.net/sprites/sword-shield/icon/quilladin.png
652,https://img.pokemondb.net/sprites/sword-shield/icon/chesnaught.png
653,https://img.pokemondb.net/sprites/sword-shield/icon/fennekin.png
654,https://img.pokemondb.net/sprites/sword-shield/icon/braixen.png
655,https://img.pokemondb.net/sprites/sword-shield/icon/delphox.png
656,https://img.pokemondb.net/sprites/sword-shield/icon/froakie.png
657,https://img.pokemondb.net/sprites/sword-shield/icon/frogadier.png
658,https://img.pokemondb.net/sprites/sword-shield/icon/greninja.png
659,https://img.pokemondb.net/sprites/sword-shield/icon/bunnelby.png
660,https://img.pokemondb.net/sprites/sword-shield/icon/diggersby.png
661,https://img.pokemondb.net/sprites/sword-shield/icon/fletchling.png
662,https://img.pokemondb.net/sprites/sword-shield/icon/fletchinder.png
663,https://img.pokemondb.net/sprites/sword-shield/icon/talonflame.png
664,https://img.pokemondb.net/sprites/sword-shield/icon/scatterbug.png
665,https://img.pokemondb.net/sprites/sword-shield/icon/spewpa.png
666,https://img.pokemondb.net/sprites/sword-shield/icon/vivillon-meadow.png
666,https://img.pokemondb.net/sprites/sword-shield/icon/vivillon-archipelago.png
666,https://img.pokemondb.net/sprites/sword-shield/icon/vivillon-continental.png
666,https://img.pokemondb.net/sprites/sword-shield/icon/vivillon-elegant.png
666,https://img.pokemondb.net/sprites/sword-shield/icon/vivillon-garden.png
666,https://img.pokemondb.net/sprites/sword-shield/icon/vivillon-high-plains.png
666,https://img.pokemondb.net/sprites/sword-shield/icon/vivillon-icy-snow.png
666,https://img.pokemondb.net/sprites/sword-shield/icon/vivillon-jungle.png
666,https://img.pokemondb.net/sprites/sword-shield/icon/vivillon-marine.png
666,https://img.pokemondb.net/sprites/sword-shield/icon/vivillon-modern.png
666,https://img.pokemondb.net/sprites/sword-shield/icon/vivillon-monsoon.png
666,https://img.pokemondb.net/sprites/sword-shield/icon/vivillon-ocean.png
666,https://img.pokemondb.net/sprites/sword-shield/icon/vivillon-polar.png
666,https://img.pokemondb.net/sprites/sword-shield/icon/vivillon-river.png
666,https://img.pokemondb.net/sprites/sword-shield/icon/vivillon-sandstorm.png
666,https://img.pokemondb.net/sprites/sword-shield/icon/vivillon-savanna.png
666,https://img.pokemondb.net/sprites/sword-shield/icon/vivillon-sun.png
666,https://img.pokemondb.net/sprites/sword-shield/icon/vivillon-tundra.png
666,https://img.pokemondb.net/sprites/sword-shield/icon/vivillon-poke-ball.png
666,https://img.pokemondb.net/sprites/sword-shield/icon/vivillon-fancy.png
667,https://img.pokemondb.net/sprites/sword-shield/icon/litleo.png
668,https://img.pokemondb.net/sprites/sword-shield/icon/pyroar.png
668,https://img.pokemondb.net/sprites/sword-shield/icon/pyroar-female.png
669,https://img.pokemondb.net/sprites/sword-shield/icon/flabebe-red.png
669,https://img.pokemondb.net/sprites/sword-shield/icon/flabebe-blue.png
669,https://img.pokemondb.net/sprites/sword-shield/icon/flabebe-orange.png
669,https://img.pokemondb.net/sprites/sword-shield/icon/flabebe-white.png
669,https://img.pokemondb.net/sprites/sword-shield/icon/flabebe-yellow.png
670,https://img.pokemondb.net/sprites/sword-shield/icon/floette-red.png
670,https://img.pokemondb.net/sprites/sword-shield/icon/floette-blue.png
670,https://img.pokemondb.net/sprites/sword-shield/icon/floette-orange.png
670,https://img.pokemondb.net/sprites/sword-shield/icon/floette-white.png
670,https://img.pokemondb.net/sprites/sword-shield/icon/floette-yellow.png
671,https://img.pokemondb.net/sprites/sword-shield/icon/florges-red.png
671,https://img.pokemondb.net/sprites/sword-shield/icon/florges-blue.png
671,https://img.pokemondb.net/sprites/sword-shield/icon/florges-orange.png
671,https://img.pokemondb.net/sprites/sword-shield/icon/florges-white.png
671,https://img.pokemondb.net/sprites/sword-shield/icon/florges-yellow.png
672,https://img.pokemondb.net/sprites/sword-shield/icon/skiddo.png
673,https://img.pokemondb.net/sprites/sword-shield/icon/gogoat.png
674,https://img.pokemondb.net/sprites/sword-shield/icon/pancham.png
675,https://img.pokemondb.net/sprites/sword-shield/icon/pangoro.png
676,https://img.pokemondb.net/sprites/sword-shield/icon/furfrou-natural.png
676,https://img.pokemondb.net/sprites/sword-shield/icon/furfrou-heart.png
676,https://img.pokemondb.net/sprites/sword-shield/icon/furfrou-star.png
676,https://img.pokemondb.net/sprites/sword-shield/icon/furfrou-diamond.png
676,https://img.pokemondb.net/sprites/sword-shield/icon/furfrou-debutante.png
676,https://img.pokemondb.net/sprites/sword-shield/icon/furfrou-matron.png
676,https://img.pokemondb.net/sprites/sword-shield/icon/furfrou-dandy.png
676,https://img.pokemondb.net/sprites/sword-shield/icon/furfrou-la-reine.png
676,https://img.pokemondb.net/sprites/sword-shield/icon/furfrou-kabuki.png
676,https://img.pokemondb.net/sprites/sword-shield/icon/furfrou-pharaoh.png
677,https://img.pokemondb.net/sprites/sword-shield/icon/espurr.png
678,https://img.pokemondb.net/sprites/sword-shield/icon/meowstic-male.png
678,https://img.pokemondb.net/sprites/sword-shield/icon/meowstic-female.png
682,https://img.pokemondb.net/sprites/sword-shield/icon/spritzee.png
683,https://img.pokemondb.net/sprites/sword-shield/icon/aromatisse.png
684,https://img.pokemondb.net/sprites/sword-shield/icon/swirlix.png
685,https://img.pokemondb.net/sprites/sword-shield/icon/slurpuff.png
686,https://img.pokemondb.net/sprites/sword-shield/icon/inkay.png
687,https://img.pokemondb.net/sprites/sword-shield/icon/malamar.png
688,https://img.pokemondb.net/sprites/sword-shield/icon/binacle.png
689,https://img.pokemondb.net/sprites/sword-shield/icon/barbaracle.png
690,https://img.pokemondb.net/sprites/sword-shield/icon/skrelp.png
691,https://img.pokemondb.net/sprites/sword-shield/icon/dragalge.png
692,https://img.pokemondb.net/sprites/sword-shield/icon/clauncher.png
693,https://img.pokemondb.net/sprites/sword-shield/icon/clawitzer.png
694,https://img.pokemondb.net/sprites/sword-shield/icon/helioptile.png
695,https://img.pokemondb.net/sprites/sword-shield/icon/heliolisk.png
696,https://img.pokemondb.net/sprites/sword-shield/icon/tyrunt.png
697,https://img.pokemondb.net/sprites/sword-shield/icon/tyrantrum.png
698,https://img.pokemondb.net/sprites/sword-shield/icon/amaura.png
699,https://img.pokemondb.net/sprites/sword-shield/icon/aurorus.png
700,https://img.pokemondb.net/sprites/sword-shield/icon/sylveon.png
701,https://img.pokemondb.net/sprites/sword-shield/icon/hawlucha.png
702,https://img.pokemondb.net/sprites/sword-shield/icon/dedenne.png
703,https://img.pokemondb.net/sprites/sword-shield/icon/carbink.png
704,https://img.pokemondb.net/sprites/sword-shield/icon/goomy.png
705,https://img.pokemondb.net/sprites/sword-shield/icon/sliggoo.png
706,https://img.pokemondb.net/sprites/sword-shield/icon/goodra.png
707,https://img.pokemondb.net/sprites/sword-shield/icon/klefki.png
708,https://img.pokemondb.net/sprites/sword-shield/icon/phantump.png
709,https://img.pokemondb.net/sprites/sword-shield/icon/trevenant.png
710,https://img.pokemondb.net/sprites/sword-shield/icon/pumpkaboo-average.png
710,https://img.pokemondb.net/sprites/sword-shield/icon/pumpkaboo-small.png
710,https://img.pokemondb.net/sprites/sword-shield/icon/pumpkaboo-large.png
710,https://img.pokemondb.net/sprites/sword-shield/icon/pumpkaboo-super.png
711,https://img.pokemondb.net/sprites/sword-shield/icon/gourgeist-average.png
711,https://img.pokemondb.net/sprites/sword-shield/icon/gourgeist-small.png
711,https://img.pokemondb.net/sprites/sword-shield/icon/gourgeist-large.png
711,https://img.pokemondb.net/sprites/sword-shield/icon/gourgeist-super.png
712,https://img.pokemondb.net/sprites/sword-shield/icon/bergmite.png
713,https://img.pokemondb.net/sprites/sword-shield/icon/avalugg.png
713,https://img.pokemondb.net/sprites/scarlet-violet/icon/avalugg-hisuian.png
714,https://img.pokemondb.net/sprites/sword-shield/icon/noibat.png
715,https://img.pokemondb.net/sprites/sword-shield/icon/noivern.png
716,https://img.pokemondb.net/sprites/sword-shield/icon/xerneas.png
717,https://img.pokemondb.net/sprites/sword-shield/icon/yveltal.png
718,https://img.pokemondb.net/sprites/sword-shield/icon/zygarde-50.png
718,https://img.pokemondb.net/sprites/sword-shield/icon/zygarde-10.png
718,https://img.pokemondb.net/sprites/sword-shield/icon/zygarde-complete.png
719,https://img.pokemondb.net/sprites/sword-shield/icon/diancie.png
719,https://img.pokemondb.net/sprites/sword-shield/icon/diancie-mega.png
720,https://img.pokemondb.net/sprites/sword-shield/icon/hoopa-confined.png
720,https://img.pokemondb.net/sprites/sword-shield/icon/hoopa-unbound.png
722,https://img.pokemondb.net/sprites/sword-shield/icon/rowlet.png
723,https://img.pokemondb.net/sprites/sword-shield/icon/dartrix.png
724,https://img.pokemondb.net/sprites/sword-shield/icon/decidueye.png
725,https://img.pokemondb.net/sprites/sword-shield/icon/litten.png
726,https://img.pokemondb.net/sprites/sword-shield/icon/torracat.png
727,https://img.pokemondb.net/sprites/sword-shield/icon/incineroar.png
728,https://img.pokemondb.net/sprites/sword-shield/icon/popplio.png
729,https://img.pokemondb.net/sprites/sword-shield/icon/brionne.png
730,https://img.pokemondb.net/sprites/sword-shield/icon/primarina.png
731,https://img.pokemondb.net/sprites/sword-shield/icon/pikipek.png
732,https://img.pokemondb.net/sprites/sword-shield/icon/trumbeak.png
733,https://img.pokemondb.net/sprites/sword-shield/icon/toucannon.png
734,https://img.pokemondb.net/sprites/sword-shield/icon/yungoos.png
735,https://img.pokemondb.net/sprites/sword-shield/icon/gumshoos.png
736,https://img.pokemondb.net/sprites/sword-shield/icon/grubbin.png
737,https://img.pokemondb.net/sprites/sword-shield/icon/charjabug.png
738,https://img.pokemondb.net/sprites/sword-shield/icon/vikavolt.png
739,https://img.pokemondb.net/sprites/sword-shield/icon/crabrawler.png
740,https://img.pokemondb.net/sprites/sword-shield/icon/crabominable.png
741,https://img.pokemondb.net/sprites/sword-shield/icon/oricorio-baile.png
741,https://img.pokemondb.net/sprites/sword-shield/icon/oricorio-pom-pom.png
741,https://img.pokemondb.net/sprites/sword-shield/icon/oricorio-pau.png
741,https://img.pokemondb.net/sprites/sword-shield/icon/oricorio-sensu.png
742,https://img.pokemondb.net/sprites/sword-shield/icon/cutiefly.png
743,https://img.pokemondb.net/sprites/sword-shield/icon/ribombee.png
744,https://img.pokemondb.net/sprites/sword-shield/icon/rockruff.png
745,https://img.pokemondb.net/sprites/sword-shield/icon/lycanroc-midday.png
745,https://img.pokemondb.net/sprites/sword-shield/icon/lycanroc-midnight.png
747,https://img.pokemondb.net/sprites/sword-shield/icon/mareanie.png
748,https://img.pokemondb.net/sprites/sword-shield/icon/toxapex.png
751,https://img.pokemondb.net/sprites/sword-shield/icon/dewpider.png
752,https://img.pokemondb.net/sprites/sword-shield/icon/araquanid.png
753,https://img.pokemondb.net/sprites/sword-shield/icon/fomantis.png
754,https://img.pokemondb.net/sprites/sword-shield/icon/lurantis.png
755,https://img.pokemondb.net/sprites/sword-shield/icon/morelull.png
756,https://img.pokemondb.net/sprites/sword-shield/icon/shiinotic.png
757,https://img.pokemondb.net/sprites/sword-shield/icon/salandit.png
758,https://img.pokemondb.net/sprites/sword-shield/icon/salazzle.png
759,https://img.pokemondb.net/sprites/sword-shield/icon/stufful.png
760,https://img.pokemondb.net/sprites/sword-shield/icon/bewear.png
761,https://img.pokemondb.net/sprites/sword-shield/icon/bounsweet.png
762,https://img.pokemondb.net/sprites/sword-shield/icon/steenee.png
763,https://img.pokemondb.net/sprites/sword-shield/icon/tsareena.png
764,https://img.pokemondb.net/sprites/sword-shield/icon/comfey.png
765,https://img.pokemondb.net/sprites/sword-shield/icon/oranguru.png
766,https://img.pokemondb.net/sprites/sword-shield/icon/passimian.png
767,https://img.pokemondb.net/sprites/sword-shield/icon/wimpod.png
768,https://img.pokemondb.net/sprites/sword-shield/icon/golisopod.png
769,https://img.pokemondb.net/sprites/sword-shield/icon/sandygast.png
770,https://img.pokemondb.net/sprites/sword-shield/icon/palossand.png
775,https://img.pokemondb.net/sprites/sword-shield/icon/komala.png
776,https://img.pokemondb.net/sprites/sword-shield/icon/turtonator.png
777,https://img.pokemondb.net/sprites/sword-shield/icon/togedemaru.png
779,https://img.pokemondb.net/sprites/sword-shield/icon/bruxish.png
782,https://img.pokemondb.net/sprites/sword-shield/icon/jangmo-o.png
783,https://img.pokemondb.net/sprites/sword-shield/icon/hakamo-o.png
784,https://img.pokemondb.net/sprites/sword-shield/icon/kommo-o.png
785,https://img.pokemondb.net/sprites/sword-shield/icon/tapu-koko.png
786,https://img.pokemondb.net/sprites/sword-shield/icon/tapu-lele.png
787,https://img.pokemondb.net/sprites/sword-shield/icon/tapu-bulu.png
788,https://img.pokemondb.net/sprites/sword-shield/icon/tapu-fini.png
789,https://img.pokemondb.net/sprites/sword-shield/icon/cosmog.png
790,https://img.pokemondb.net/sprites/sword-shield/icon/cosmoem.png
791,https://img.pokemondb.net/sprites/sword-shield/icon/solgaleo.png
792,https://img.pokemondb.net/sprites/sword-shield/icon/lunala.png
793,https://img.pokemondb.net/sprites/sword-shield/icon/nihilego.png
794,https://img.pokemondb.net/sprites/sword-shield/icon/buzzwole.png
795,https://img.pokemondb.net/sprites/sword-shield/icon/pheromosa.png
796,https://img.pokemondb.net/sprites/sword-shield/icon/xurkitree.png
797,https://img.pokemondb.net/sprites/sword-shield/icon/celesteela.png
798,https://img.pokemondb.net/sprites/sword-shield/icon/kartana.png
799,https://img.pokemondb.net/sprites/sword-shield/icon/guzzlord.png
808,https://img.pokemondb.net/sprites/sword-shield/icon/meltan.png
809,https://img.pokemondb.net/sprites/sword-shield/icon/melmetal.png
819,https://img.pokemondb.net/sprites/sword-shield/icon/skwovet.png
820,https://img.pokemondb.net/sprites/sword-shield/icon/greedent.png
831,https://img.pokemondb.net/sprites/sword-shield/icon/wooloo.png
832,https://img.pokemondb.net/sprites/sword-shield/icon/dubwool.png
862,https://img.pokemondb.net/sprites/sword-shield/icon/obstagoon.png
863,https://img.pokemondb.net/sprites/sword-shield/icon/perrserker.png
865,https://img.pokemondb.net/sprites/sword-shield/icon/sirfetchd.png
866,https://img.pokemondb.net/sprites/sword-shield/icon/mr-rime.png
867,https://img.pokemondb.net/sprites/sword-shield/icon/runerigus.png
870,https://img.pokemondb.net/sprites/sword-shield/icon/falinks.png
888,https://img.pokemondb.net/sprites/sword-shield/icon/zacian-hero.png
889,https://img.pokemondb.net/sprites/sword-shield/icon/zamazenta-hero.png
893,https://img.pokemondb.net/sprites/sword-shield/icon/zarude.png
894,https://img.pokemondb.net/sprites/sword-shield/icon/regieleki.png
895,https://img.pokemondb.net/sprites/sword-shield/icon/regidrago.png
900,https://img.pokemondb.net/sprites/scarlet-violet/icon/kleavor.png
901,https://img.pokemondb.net/sprites/scarlet-violet/icon/ursaluna.png
903,https://img.pokemondb.net/sprites/scarlet-violet/icon/sneasler.png
904,https://img.pokemondb.net/sprites/scarlet-violet/icon/overqwil.png
906,https://img.pokemondb.net/sprites/scarlet-violet/icon/sprigatito.png
907,https://img.pokemondb.net/sprites/scarlet-violet/icon/floragato.png
908,https://img.pokemondb.net/sprites/scarlet-violet/icon/meowscarada.png
909,https://img.pokemondb.net/sprites/scarlet-violet/icon/fuecoco.png
910,https://img.pokemondb.net/sprites/scarlet-violet/icon/crocalor.png
911,https://img.pokemondb.net/sprites/scarlet-violet/icon/skeledirge.png
912,https://img.pokemondb.net/sprites/scarlet-violet/icon/quaxly.png
913,https://img.pokemondb.net/sprites/scarlet-violet/icon/quaxwell.png
914,https://img.pokemondb.net/sprites/scarlet-violet/icon/quaquaval.png
915,https://img.pokemondb.net/sprites/scarlet-violet/icon/lechonk.png
916,https://img.pokemondb.net/sprites/scarlet-violet/icon/oinkologne-male.png
916,https://img.pokemondb.net/sprites/scarlet-violet/icon/oinkologne-female.png
919,https://img.pokemondb.net/sprites/scarlet-violet/icon/nymble.png
920,https://img.pokemondb.net/sprites/scarlet-violet/icon/lokix.png
921,https://img.pokemondb.net/sprites/scarlet-violet/icon/pawmi.png
922,https://img.pokemondb.net/sprites/scarlet-violet/icon/pawmo.png
923,https://img.pokemondb.net/sprites/scarlet-violet/icon/pawmot.png
928,https://img.pokemondb.net/sprites/scarlet-violet/icon/smoliv.png
929,https://img.pokemondb.net/sprites/scarlet-violet/icon/dolliv.png
930,https://img.pokemondb.net/sprites/scarlet-violet/icon/arboliva.png
938,https://img.pokemondb.net/sprites/scarlet-violet/icon/tadbulb.png
939,https://img.pokemondb.net/sprites/scarlet-violet/icon/bellibolt.png
962,https://img.pokemondb.net/sprites/scarlet-violet/icon/bombirdier.png
971,https://img.pokemondb.net/sprites/scarlet-violet/icon/greavard.png
972,https://img.pokemondb.net/sprites/scarlet-violet/icon/houndstone.png
974,https://img.pokemondb.net/sprites/scarlet-violet/icon/cetoddle.png
975,https://img.pokemondb.net/sprites/scarlet-violet/icon/cetitan.png
980,https://img.pokemondb.net/sprites/scarlet-violet/icon/clodsire.png
996,https://img.pokemondb.net/sprites/scarlet-violet/icon/frigibax.png
997,https://img.pokemondb.net/sprites/scarlet-violet/icon/arctibax.png
998,https://img.pokemondb.net/sprites/scarlet-violet/icon/baxcalibur.png
999,https://img.pokemondb.net/sprites/scarlet-violet/icon/gimmighoul-roaming.png
1000,https://img.pokemondb.net/sprites/scarlet-violet/icon/gholdengo.png
